"Index Name","Date","Open","High","Low","Close"
"NIFTY 50","29 Dec 2023","21737.65","21770.30","21676.90","21731.40"
"NIFTY 50","28 Dec 2023","21715.00","21801.45","21678.00","21778.70"
"NIFTY 50","27 Dec 2023","21497.65","21675.75","21495.80","21654.75"
"NIFTY 50","26 Dec 2023","21365.20","21477.15","21329.45","21441.35"
"NIFTY 50","22 Dec 2023","21295.85","21390.50","21232.45","21349.40"
"NIFTY 50","21 Dec 2023","21033.95","21288.35","20976.80","21255.05"
"NIFTY 50","20 Dec 2023","21543.50","21593.00","21087.35","21150.15"
"NIFTY 50","19 Dec 2023","21477.65","21505.05","21337.75","21453.10"
"NIFTY 50","18 Dec 2023","21434.80","21482.80","21365.35","21418.65"
"NIFTY 50","15 Dec 2023","21287.45","21492.30","21235.30","21456.65"
"NIFTY 50","14 Dec 2023","21110.40","21210.90","21074.45","21182.70"
"NIFTY 50","13 Dec 2023","20929.75","20950.00","20769.50","20926.35"
"NIFTY 50","12 Dec 2023","21018.55","21037.90","20867.15","20906.40"
"NIFTY 50","11 Dec 2023","20965.30","21026.10","20923.70","20997.10"
"NIFTY 50","08 Dec 2023","20934.10","21006.10","20862.70","20969.40"
"NIFTY 50","07 Dec 2023","20932.40","20941.25","20850.80","20901.15"
"NIFTY 50","06 Dec 2023","20950.75","20961.95","20852.15","20937.70"
"NIFTY 50","05 Dec 2023","20808.90","20864.05","20711.15","20855.10"
"NIFTY 50","04 Dec 2023","20601.95","20702.65","20507.75","20686.80"
"NIFTY 50","01 Dec 2023","20194.10","20291.55","20183.70","20267.90"
"NIFTY 50","30 Nov 2023","20108.50","20158.70","20015.85","20133.15"
"NIFTY 50","29 Nov 2023","19976.55","20104.65","19956.30","20096.60"
"NIFTY 50","28 Nov 2023","19844.65","19916.85","19800.00","19889.70"
"NIFTY 50","24 Nov 2023","19809.60","19832.85","19768.85","19794.70"
"NIFTY 50","23 Nov 2023","19828.45","19875.15","19786.75","19802.00"
"NIFTY 50","22 Nov 2023","19784.00","19825.55","19703.85","19811.85"
"NIFTY 50","21 Nov 2023","19770.90","19829.10","19754.05","19783.40"
"NIFTY 50","20 Nov 2023","19731.15","19756.45","19670.50","19694.00"
"NIFTY 50","17 Nov 2023","19674.75","19806.00","19667.45","19731.80"
"NIFTY 50","16 Nov 2023","19674.70","19875.25","19627.00","19765.20"
"NIFTY 50","15 Nov 2023","19651.40","19693.20","19579.65","19675.45"
"NIFTY 50","13 Nov 2023","19486.75","19494.40","19414.75","19443.55"
"NIFTY 50","12 Nov 2023","19547.25","19547.25","19510.25","19525.55"
"NIFTY 50","10 Nov 2023","19351.85","19451.30","19329.45","19425.35"
"NIFTY 50","09 Nov 2023","19457.40","19463.90","19378.35","19395.30"
"NIFTY 50","08 Nov 2023","19449.60","19464.40","19401.50","19443.50"
"NIFTY 50","07 Nov 2023","19404.05","19423.50","19329.10","19406.70"
"NIFTY 50","06 Nov 2023","19345.85","19423.00","19309.70","19411.75"
"NIFTY 50","03 Nov 2023","19241.00","19276.25","19210.90","19230.60"
"NIFTY 50","02 Nov 2023","19120.00","19175.25","19064.15","19133.25"
"NIFTY 50","01 Nov 2023","19064.05","19096.05","18973.70","18989.15"
"NIFTY 50","31 Oct 2023","19232.95","19233.70","19056.45","19079.60"
"NIFTY 50","30 Oct 2023","19053.40","19158.50","18940.00","19140.90"
"NIFTY 50","27 Oct 2023","18928.75","19076.15","18926.65","19047.25"
"NIFTY 50","26 Oct 2023","19027.25","19041.70","18837.85","18857.25"
"NIFTY 50","25 Oct 2023","19286.45","19347.30","19074.15","19122.15"
"NIFTY 50","23 Oct 2023","19521.60","19556.85","19257.85","19281.75"
"NIFTY 50","20 Oct 2023","19542.15","19593.80","19518.70","19542.65"
"NIFTY 50","19 Oct 2023","19545.20","19681.80","19512.35","19624.70"
"NIFTY 50","18 Oct 2023","19820.45","19840.95","19659.95","19671.10"
"NIFTY 50","17 Oct 2023","19843.20","19849.75","19775.65","19811.50"
"NIFTY 50","16 Oct 2023","19737.25","19781.30","19691.85","19731.75"
"NIFTY 50","13 Oct 2023","19654.55","19805.40","19635.30","19751.05"
"NIFTY 50","12 Oct 2023","19822.70","19843.30","19772.65","19794.00"
"NIFTY 50","11 Oct 2023","19767.00","19839.20","19756.95","19811.35"
"NIFTY 50","10 Oct 2023","19565.60","19717.80","19565.45","19689.85"
"NIFTY 50","09 Oct 2023","19539.45","19588.95","19480.50","19512.35"
"NIFTY 50","06 Oct 2023","19621.20","19675.75","19589.40","19653.50"
"NIFTY 50","05 Oct 2023","19521.85","19576.95","19487.30","19545.75"
"NIFTY 50","04 Oct 2023","19446.30","19457.80","19333.60","19436.10"
"NIFTY 50","03 Oct 2023","19622.40","19623.20","19479.65","19528.75"
"NIFTY 50","29 Sep 2023","19581.20","19726.25","19551.05","19638.30"
"NIFTY 50","28 Sep 2023","19761.80","19766.65","19492.10","19523.55"
"NIFTY 50","27 Sep 2023","19637.05","19730.70","19554.00","19716.45"
"NIFTY 50","26 Sep 2023","19682.80","19699.35","19637.45","19664.70"
"NIFTY 50","25 Sep 2023","19678.20","19734.15","19601.55","19674.55"
"NIFTY 50","22 Sep 2023","19744.85","19798.65","19657.50","19674.25"
"NIFTY 50","21 Sep 2023","19840.55","19848.75","19709.95","19742.35"
"NIFTY 50","20 Sep 2023","19980.75","20050.65","19878.85","19901.40"
"NIFTY 50","18 Sep 2023","20155.95","20195.35","20115.70","20133.30"
"NIFTY 50","15 Sep 2023","20156.45","20222.45","20129.70","20192.35"
"NIFTY 50","14 Sep 2023","20127.95","20167.65","20043.45","20103.10"
"NIFTY 50","13 Sep 2023","19989.50","20096.90","19944.10","20070.00"
"NIFTY 50","12 Sep 2023","20110.15","20110.35","19914.65","19993.20"
"NIFTY 50","11 Sep 2023","19890.00","20008.15","19865.35","19996.35"
"NIFTY 50","08 Sep 2023","19774.80","19867.15","19728.05","19819.95"
"NIFTY 50","07 Sep 2023","19598.65","19737.00","19550.05","19727.05"
"NIFTY 50","06 Sep 2023","19581.20","19636.45","19491.50","19611.05"
"NIFTY 50","05 Sep 2023","19564.65","19587.05","19525.75","19574.90"
"NIFTY 50","04 Sep 2023","19525.05","19545.15","19432.85","19528.80"
"NIFTY 50","01 Sep 2023","19258.15","19458.55","19255.70","19435.30"
"NIFTY 50","31 Aug 2023","19375.55","19388.20","19223.65","19253.80"
"NIFTY 50","30 Aug 2023","19433.45","19452.80","19334.75","19347.45"
"NIFTY 50","29 Aug 2023","19374.85","19377.90","19309.10","19342.65"
"NIFTY 50","28 Aug 2023","19298.35","19366.85","19249.70","19306.05"
"NIFTY 50","25 Aug 2023","19297.40","19339.55","19229.70","19265.80"
"NIFTY 50","24 Aug 2023","19535.15","19584.45","19369.00","19386.70"
"NIFTY 50","23 Aug 2023","19439.20","19472.05","19366.60","19444.00"
"NIFTY 50","22 Aug 2023","19417.10","19443.50","19381.30","19396.45"
"NIFTY 50","21 Aug 2023","19320.65","19425.95","19296.30","19393.60"
"NIFTY 50","18 Aug 2023","19301.75","19373.80","19253.60","19310.15"
"NIFTY 50","17 Aug 2023","19450.55","19461.55","19326.25","19365.25"
"NIFTY 50","16 Aug 2023","19369.00","19482.75","19317.20","19465.00"
"NIFTY 50","14 Aug 2023","19383.95","19465.85","19257.90","19434.55"
"NIFTY 50","11 Aug 2023","19554.25","19557.75","19412.75","19428.30"
"NIFTY 50","10 Aug 2023","19605.55","19623.60","19495.40","19543.10"
"NIFTY 50","09 Aug 2023","19578.80","19645.50","19467.50","19632.55"
"NIFTY 50","08 Aug 2023","19627.20","19634.40","19533.10","19570.85"
"NIFTY 50","07 Aug 2023","19576.85","19620.45","19524.80","19597.30"
"NIFTY 50","04 Aug 2023","19462.80","19538.85","19436.45","19517.00"
"NIFTY 50","03 Aug 2023","19463.75","19537.65","19296.45","19381.65"
"NIFTY 50","02 Aug 2023","19655.40","19678.25","19423.55","19526.55"
"NIFTY 50","01 Aug 2023","19784.00","19795.60","19704.60","19733.55"
"NIFTY 50","31 Jul 2023","19666.35","19772.75","19597.60","19753.80"
"NIFTY 50","28 Jul 2023","19659.75","19695.90","19563.10","19646.05"
"NIFTY 50","27 Jul 2023","19850.90","19867.55","19603.55","19659.90"
"NIFTY 50","26 Jul 2023","19733.35","19825.60","19716.70","19778.30"
"NIFTY 50","25 Jul 2023","19729.35","19729.35","19615.95","19680.60"
"NIFTY 50","24 Jul 2023","19748.45","19782.75","19658.30","19672.35"
"NIFTY 50","21 Jul 2023","19800.45","19887.40","19700.00","19745.00"
"NIFTY 50","20 Jul 2023","19831.70","19991.85","19758.40","19979.15"
"NIFTY 50","19 Jul 2023","19802.95","19851.70","19727.45","19833.15"
"NIFTY 50","18 Jul 2023","19787.50","19819.45","19690.20","19749.25"
"NIFTY 50","17 Jul 2023","19612.15","19731.85","19562.95","19711.45"
"NIFTY 50","14 Jul 2023","19493.45","19595.35","19433.50","19564.50"
"NIFTY 50","13 Jul 2023","19495.20","19567.00","19385.80","19413.75"
"NIFTY 50","12 Jul 2023","19497.45","19507.70","19361.75","19384.30"
"NIFTY 50","11 Jul 2023","19427.10","19515.10","19406.45","19439.40"
"NIFTY 50","10 Jul 2023","19400.35","19435.85","19327.10","19355.90"
"NIFTY 50","07 Jul 2023","19422.80","19523.60","19303.60","19331.80"
"NIFTY 50","06 Jul 2023","19385.70","19512.20","19373.00","19497.30"
"NIFTY 50","05 Jul 2023","19405.95","19421.60","19339.60","19398.50"
"NIFTY 50","04 Jul 2023","19406.60","19434.15","19300.00","19389.00"
"NIFTY 50","03 Jul 2023","19246.50","19345.10","19234.40","19322.55"
"NIFTY 50","30 Jun 2023","19076.85","19201.70","19024.60","19189.05"
"NIFTY 50","28 Jun 2023","18908.15","19011.25","18861.35","18972.10"
"NIFTY 50","27 Jun 2023","18748.55","18829.25","18714.25","18817.40"
"NIFTY 50","26 Jun 2023","18682.35","18722.05","18646.70","18691.20"
"NIFTY 50","23 Jun 2023","18741.85","18756.40","18647.10","18665.50"
"NIFTY 50","22 Jun 2023","18853.60","18886.60","18759.50","18771.25"
"NIFTY 50","21 Jun 2023","18849.40","18875.90","18794.85","18856.85"
"NIFTY 50","20 Jun 2023","18752.35","18839.70","18660.65","18816.70"
"NIFTY 50","19 Jun 2023","18873.30","18881.45","18719.15","18755.45"
"NIFTY 50","16 Jun 2023","18723.30","18864.70","18710.50","18826.00"
"NIFTY 50","15 Jun 2023","18774.45","18794.10","18669.05","18688.10"
"NIFTY 50","14 Jun 2023","18744.60","18769.70","18690.00","18755.90"
"NIFTY 50","13 Jun 2023","18631.80","18728.90","18631.80","18716.15"
"NIFTY 50","12 Jun 2023","18595.05","18633.60","18559.75","18601.50"
"NIFTY 50","09 Jun 2023","18655.90","18676.65","18555.40","18563.40"
"NIFTY 50","08 Jun 2023","18725.35","18777.90","18615.60","18634.55"
"NIFTY 50","07 Jun 2023","18665.60","18738.95","18636.00","18726.40"
"NIFTY 50","06 Jun 2023","18600.80","18622.75","18531.60","18599.00"
"NIFTY 50","05 Jun 2023","18612.00","18640.15","18582.80","18593.85"
"NIFTY 50","02 Jun 2023","18550.85","18573.70","18478.40","18534.10"
"NIFTY 50","01 Jun 2023","18579.40","18580.30","18464.55","18487.75"
"NIFTY 50","31 May 2023","18594.20","18603.90","18483.85","18534.40"
"NIFTY 50","30 May 2023","18606.65","18662.45","18575.50","18633.85"
"NIFTY 50","29 May 2023","18619.15","18641.20","18581.25","18598.65"
"NIFTY 50","26 May 2023","18368.35","18508.55","18333.15","18499.35"
"NIFTY 50","25 May 2023","18268.90","18338.10","18202.40","18321.15"
"NIFTY 50","24 May 2023","18294.80","18392.60","18262.95","18285.40"
"NIFTY 50","23 May 2023","18362.90","18419.75","18324.20","18348.00"
"NIFTY 50","22 May 2023","18201.10","18335.25","18178.85","18314.40"
"NIFTY 50","19 May 2023","18186.15","18218.10","18060.40","18203.40"
"NIFTY 50","18 May 2023","18287.50","18297.20","18104.85","18129.95"
"NIFTY 50","17 May 2023","18300.45","18309.00","18115.35","18181.75"
"NIFTY 50","16 May 2023","18432.35","18432.35","18264.35","18286.50"
"NIFTY 50","15 May 2023","18339.30","18458.90","18287.90","18398.85"
"NIFTY 50","12 May 2023","18273.75","18342.75","18194.55","18314.80"
"NIFTY 50","11 May 2023","18357.80","18389.70","18270.40","18297.00"
"NIFTY 50","10 May 2023","18313.60","18326.75","18211.95","18315.10"
"NIFTY 50","09 May 2023","18303.40","18344.20","18229.65","18265.95"
"NIFTY 50","08 May 2023","18120.60","18286.95","18100.30","18264.40"
"NIFTY 50","05 May 2023","18117.30","18216.95","18055.45","18069.00"
"NIFTY 50","04 May 2023","18081.00","18267.45","18066.70","18255.80"
"NIFTY 50","03 May 2023","18113.80","18116.35","18042.40","18089.85"
"NIFTY 50","02 May 2023","18124.80","18180.25","18101.75","18147.65"
"NIFTY 50","28 Apr 2023","17950.40","18089.15","17885.30","18065.00"
"NIFTY 50","27 Apr 2023","17813.10","17931.60","17797.90","17915.05"
"NIFTY 50","26 Apr 2023","17767.30","17827.75","17711.20","17813.60"
"NIFTY 50","25 Apr 2023","17761.55","17807.45","17716.85","17769.25"
"NIFTY 50","24 Apr 2023","17707.55","17754.50","17612.50","17743.40"
"NIFTY 50","21 Apr 2023","17639.75","17663.20","17553.95","17624.05"
"NIFTY 50","20 Apr 2023","17638.60","17684.45","17584.35","17624.45"
"NIFTY 50","19 Apr 2023","17653.35","17666.15","17579.85","17618.75"
"NIFTY 50","18 Apr 2023","17766.60","17766.60","17610.20","17660.15"
"NIFTY 50","17 Apr 2023","17863.00","17863.00","17574.05","17706.85"
"NIFTY 50","13 Apr 2023","17807.30","17842.15","17729.65","17828.00"
"NIFTY 50","12 Apr 2023","17759.55","17825.75","17717.25","17812.40"
"NIFTY 50","11 Apr 2023","17704.80","17748.75","17655.15","17722.30"
"NIFTY 50","10 Apr 2023","17634.90","17694.10","17597.95","17624.05"
"NIFTY 50","06 Apr 2023","17533.85","17638.70","17502.85","17599.15"
"NIFTY 50","05 Apr 2023","17422.30","17570.55","17402.70","17557.05"
"NIFTY 50","03 Apr 2023","17427.95","17428.05","17312.75","17398.05"
"NIFTY 50","31 Mar 2023","17210.35","17381.60","17204.65","17359.75"
"NIFTY 50","29 Mar 2023","16977.30","17126.15","16940.60","17080.70"
"NIFTY 50","28 Mar 2023","17031.75","17061.75","16913.75","16951.70"
"NIFTY 50","27 Mar 2023","16984.30","17091.00","16918.55","16985.70"
"NIFTY 50","24 Mar 2023","17076.20","17109.45","16917.35","16945.05"
"NIFTY 50","23 Mar 2023","17097.40","17205.40","17045.30","17076.90"
"NIFTY 50","22 Mar 2023","17177.45","17207.25","17107.85","17151.90"
"NIFTY 50","21 Mar 2023","17060.40","17127.70","17016.00","17107.50"
"NIFTY 50","20 Mar 2023","17066.60","17066.60","16828.35","16988.40"
"NIFTY 50","17 Mar 2023","17111.80","17145.80","16958.15","17100.05"
"NIFTY 50","16 Mar 2023","16994.65","17062.45","16850.15","16985.60"
"NIFTY 50","15 Mar 2023","17166.45","17211.35","16938.90","16972.15"
"NIFTY 50","14 Mar 2023","17160.55","17224.65","16987.10","17043.30"
"NIFTY 50","13 Mar 2023","17421.90","17529.90","17113.45","17154.30"
"NIFTY 50","10 Mar 2023","17443.80","17451.50","17324.35","17412.90"
"NIFTY 50","09 Mar 2023","17772.05","17772.35","17573.60","17589.60"
"NIFTY 50","08 Mar 2023","17665.75","17766.50","17602.25","17754.40"
"NIFTY 50","06 Mar 2023","17680.35","17799.95","17671.95","17711.45"
"NIFTY 50","03 Mar 2023","17451.25","17644.75","17427.70","17594.35"
"NIFTY 50","02 Mar 2023","17421.50","17445.80","17306.00","17321.90"
"NIFTY 50","01 Mar 2023","17360.10","17467.75","17345.25","17450.90"
"NIFTY 50","28 Feb 2023","17383.25","17440.45","17255.20","17303.95"
"NIFTY 50","27 Feb 2023","17428.60","17451.60","17299.00","17392.70"
"NIFTY 50","24 Feb 2023","17591.35","17599.75","17421.80","17465.80"
"NIFTY 50","23 Feb 2023","17574.65","17620.05","17455.40","17511.25"
"NIFTY 50","22 Feb 2023","17755.35","17772.50","17529.45","17554.30"
"NIFTY 50","21 Feb 2023","17905.80","17924.90","17800.30","17826.70"
"NIFTY 50","20 Feb 2023","17965.55","18004.35","17818.40","17844.60"
"NIFTY 50","17 Feb 2023","17974.85","18034.25","17884.60","17944.20"
"NIFTY 50","16 Feb 2023","18094.75","18134.75","18000.65","18035.85"
"NIFTY 50","15 Feb 2023","17896.60","18034.10","17853.80","18015.85"
"NIFTY 50","14 Feb 2023","17840.35","17954.55","17800.05","17929.85"
"NIFTY 50","13 Feb 2023","17859.10","17880.70","17719.75","17770.90"
"NIFTY 50","10 Feb 2023","17847.55","17876.95","17801.00","17856.50"
"NIFTY 50","09 Feb 2023","17885.50","17916.90","17779.80","17893.45"
"NIFTY 50","08 Feb 2023","17750.30","17898.70","17744.15","17871.70"
"NIFTY 50","07 Feb 2023","17790.10","17811.15","17652.55","17721.50"
"NIFTY 50","06 Feb 2023","17818.55","17823.70","17698.35","17764.60"
"NIFTY 50","03 Feb 2023","17721.75","17870.30","17584.20","17854.05"
"NIFTY 50","02 Feb 2023","17517.10","17653.90","17445.95","17610.40"
"NIFTY 50","01 Feb 2023","17811.60","17972.20","17353.40","17616.30"
"NIFTY 50","31 Jan 2023","17731.45","17735.70","17537.55","17662.15"
"NIFTY 50","30 Jan 2023","17541.95","17709.15","17405.55","17648.95"
"NIFTY 50","27 Jan 2023","17877.20","17884.75","17493.55","17604.35"
"NIFTY 50","25 Jan 2023","18093.35","18100.60","17846.15","17891.95"
"NIFTY 50","24 Jan 2023","18183.95","18201.25","18078.65","18118.30"
"NIFTY 50","23 Jan 2023","18118.45","18162.60","18063.45","18118.55"
"NIFTY 50","20 Jan 2023","18115.60","18145.45","18016.20","18027.65"
"NIFTY 50","19 Jan 2023","18119.80","18155.20","18063.75","18107.85"
"NIFTY 50","18 Jan 2023","18074.30","18183.75","18032.45","18165.35"
"NIFTY 50","17 Jan 2023","17922.80","18072.05","17886.95","18053.30"
"NIFTY 50","16 Jan 2023","18033.15","18049.65","17853.65","17894.85"
"NIFTY 50","13 Jan 2023","17867.50","17999.35","17774.25","17956.60"
"NIFTY 50","12 Jan 2023","17920.85","17945.80","17761.65","17858.20"
"NIFTY 50","11 Jan 2023","17924.25","17976.35","17824.35","17895.70"
"NIFTY 50","10 Jan 2023","18121.30","18127.60","17856.00","17914.15"
"NIFTY 50","09 Jan 2023","17952.55","18141.40","17936.15","18101.20"
"NIFTY 50","06 Jan 2023","18008.05","18047.40","17795.55","17859.45"
"NIFTY 50","05 Jan 2023","18101.95","18120.30","17892.60","17992.15"
"NIFTY 50","04 Jan 2023","18230.65","18243.00","18020.60","18042.95"
"NIFTY 50","03 Jan 2023","18163.20","18251.95","18149.80","18232.55"
"NIFTY 50","02 Jan 2023","18131.70","18215.15","18086.50","18197.45"
"NIFTY 50","31 Dec 2024","23560.6","23689.85","23460.45","23644.80"
"NIFTY 50","30 Dec 2024","23796.9","23915.35","23599.3","23644.90"
"NIFTY 50","27 Dec 2024","23801.4","23938.85","23800.6","23813.40"
"NIFTY 50","26 Dec 2024","23775.8","23854.5","23653.6","23750.20"
"NIFTY 50","24 Dec 2024","23769.1","23867.65","23685.15","23727.65"
"NIFTY 50","23 Dec 2024","23738.2","23869.55","23647.2","23753.45"
"NIFTY 50","20 Dec 2024","23960.7","24065.8","23537.35","23587.50"
"NIFTY 50","19 Dec 2024","23877.15","24004.9","23870.3","23951.70"
"NIFTY 50","18 Dec 2024","24297.95","24394.45","24149.85","24198.85"
"NIFTY 50","17 Dec 2024","24584.8","24624.1","24303.45","24336.00"
"NIFTY 50","16 Dec 2024","24753.4","24781.25","24601.75","24668.25"
"NIFTY 50","13 Dec 2024","24498.35","24792.3","24180.8","24768.30"
"NIFTY 50","12 Dec 2024","24604.45","24675.25","24527.95","24548.70"
"NIFTY 50","11 Dec 2024","24620.5","24691.75","24583.85","24641.80"
"NIFTY 50","10 Dec 2024","24652.65","24677.8","24510.65","24610.05"
"NIFTY 50","09 Dec 2024","24633.9","24705","24580.05","24619.00"
"NIFTY 50","06 Dec 2024","24729.45","24751.05","24620.5","24677.80"
"NIFTY 50","05 Dec 2024","24539.15","24857.75","24295.55","24708.40"
"NIFTY 50","04 Dec 2024","24488.75","24573.2","24366.3","24467.45"
"NIFTY 50","03 Dec 2024","24367.5","24481.35","24280","24457.15"
"NIFTY 50","02 Dec 2024","24140.85","24301.7","24008.65","24276.05"
"NIFTY 50","29 Nov 2024","23927.15","24188.45","23927.15","24131.10"
"NIFTY 50","28 Nov 2024","24274.15","24345.75","23873.35","23914.15"
"NIFTY 50","27 Nov 2024","24204.8","24354.55","24145.65","24274.90"
"NIFTY 50","26 Nov 2024","24343.3","24343.3","24125.4","24194.50"
"NIFTY 50","25 Nov 2024","24253.55","24351.55","24135.45","24221.90"
"NIFTY 50","22 Nov 2024","23411.8","23956.1","23359","23907.25"
"NIFTY 50","21 Nov 2024","23488.45","23507.3","23263.15","23349.90"
"NIFTY 50","19 Nov 2024","23529.55","23780.65","23464.8","23518.50"
"NIFTY 50","18 Nov 2024","23605.3","23606.8","23350.4","23453.80"
"NIFTY 50","14 Nov 2024","23542.15","23675.9","23484.15","23532.70"
"NIFTY 50","13 Nov 2024","23822.45","23873.6","23509.6","23559.05"
"NIFTY 50","12 Nov 2024","24225.8","24242","23839.15","23883.45"
"NIFTY 50","11 Nov 2024","24087.25","24336.8","24004.6","24141.30"
"NIFTY 50","08 Nov 2024","24207.7","24276.15","24066.65","24148.20"
"NIFTY 50","07 Nov 2024","24489.6","24503.35","24179.05","24199.35"
"NIFTY 50","06 Nov 2024","24308.75","24537.6","24204.05","24484.05"
"NIFTY 50","05 Nov 2024","23916.5","24229.05","23842.75","24213.30"
"NIFTY 50","04 Nov 2024","24315.75","24316.75","23816.15","23995.35"
"NIFTY 50","01 Nov 2024","24302.75","24368.25","24280.2","24304.35"
"NIFTY 50","31 Oct 2024","24349.85","24372.45","24172.6","24205.35"
"NIFTY 50","30 Oct 2024","24371.45","24498.2","24307.3","24340.85"
"NIFTY 50","29 Oct 2024","24328.85","24484.5","24140.85","24466.85"
"NIFTY 50","28 Oct 2024","24251.1","24492.6","24134.9","24339.15"
"NIFTY 50","25 Oct 2024","24418.05","24440.25","24073.9","24180.80"
"NIFTY 50","24 Oct 2024","24412.7","24480.65","24341.2","24399.40"
"NIFTY 50","23 Oct 2024","24378.15","24604.25","24378.1","24435.50"
"NIFTY 50","22 Oct 2024","24798.65","24882","24445.8","24472.10"
"NIFTY 50","21 Oct 2024","24956.15","24978.3","24679.6","24781.10"
"NIFTY 50","18 Oct 2024","24664.95","24886.2","24567.65","24854.05"
"NIFTY 50","17 Oct 2024","25027.4","25029.5","24728.9","24749.85"
"NIFTY 50","16 Oct 2024","25008.55","25093.4","24908.45","24971.30"
"NIFTY 50","15 Oct 2024","25186.3","25212.05","25008.15","25057.35"
"NIFTY 50","14 Oct 2024","25023.45","25159.75","25017.5","25127.95"
"NIFTY 50","11 Oct 2024","24985.3","25028.65","24920.05","24964.25"
"NIFTY 50","10 Oct 2024","25067.05","25134.05","24979.4","24998.45"
"NIFTY 50","09 Oct 2024","25065.8","25234.05","24947.7","24981.95"
"NIFTY 50","08 Oct 2024","24832.2","25044","24756.8","25013.15"
"NIFTY 50","07 Oct 2024","25084.1","25143","24694.35","24795.75"
"NIFTY 50","04 Oct 2024","25181.9","25485.05","24966.8","25014.60"
"NIFTY 50","03 Oct 2024","25452.85","25639.45","25230.3","25250.10"
"NIFTY 50","01 Oct 2024","25788.45","25907.6","25739.2","25796.90"
"NIFTY 50","30 Sep 2024","26061.3","26134.7","25794.1","25810.85"
"NIFTY 50","27 Sep 2024","26248.25","26277.35","26151.4","26178.95"
"NIFTY 50","26 Sep 2024","26005.4","26250.9","25998.4","26216.05"
"NIFTY 50","25 Sep 2024","25899.45","26032.8","25871.35","26004.15"
"NIFTY 50","24 Sep 2024","25921.45","26011.55","25886.85","25940.40"
"NIFTY 50","23 Sep 2024","25872.55","25956","25847.35","25939.05"
"NIFTY 50","20 Sep 2024","25525.95","25849.25","25426.6","25790.95"
"NIFTY 50","19 Sep 2024","25487.05","25611.95","25376.05","25415.80"
"NIFTY 50","18 Sep 2024","25402.4","25482.2","25285.55","25377.55"
"NIFTY 50","17 Sep 2024","25416.9","25441.65","25352.25","25418.55"
"NIFTY 50","16 Sep 2024","25406.65","25445.7","25336.2","25383.75"
"NIFTY 50","13 Sep 2024","25430.45","25430.5","25292.45","25356.50"
"NIFTY 50","12 Sep 2024","25059.65","25433.35","24941.45","25388.90"
"NIFTY 50","11 Sep 2024","25034","25113.7","24885.15","24918.45"
"NIFTY 50","10 Sep 2024","24999.4","25130.5","24896.8","25041.10"
"NIFTY 50","09 Sep 2024","24823.4","24957.5","24753.15","24936.40"
"NIFTY 50","06 Sep 2024","25093.7","25168.75","24801.3","24852.15"
"NIFTY 50","05 Sep 2024","25250.5","25275.45","25127.75","25145.10"
"NIFTY 50","04 Sep 2024","25089.95","25216","25083.8","25198.70"
"NIFTY 50","03 Sep 2024","25313.4","25321.7","25235.8","25279.85"
"NIFTY 50","02 Sep 2024","25333.6","25333.65","25235.5","25278.70"
"NIFTY 50","30 Aug 2024","25249.7","25268.35","25199.4","25235.90"
"NIFTY 50","29 Aug 2024","25035.3","25192.9","24998.5","25151.95"
"NIFTY 50","28 Aug 2024","25030.8","25129.6","24964.65","25052.35"
"NIFTY 50","27 Aug 2024","25024.8","25073.1","24973.65","25017.75"
"NIFTY 50","26 Aug 2024","24906.1","25043.8","24874.7","25010.60"
"NIFTY 50","23 Aug 2024","24845.4","24858.4","24771.65","24823.15"
"NIFTY 50","22 Aug 2024","24863.4","24867.35","24784.45","24811.50"
"NIFTY 50","21 Aug 2024","24680.55","24787.95","24654.5","24770.20"
"NIFTY 50","20 Aug 2024","24648.9","24734.3","24607.2","24698.85"
"NIFTY 50","19 Aug 2024","24636.35","24638.8","24522.95","24572.65"
"NIFTY 50","16 Aug 2024","24334.85","24563.9","24204.5","24541.15"
"NIFTY 50","14 Aug 2024","24184.4","24196.5","24099.7","24143.75"
"NIFTY 50","13 Aug 2024","24342.35","24359.95","24116.5","24139.00"
"NIFTY 50","12 Aug 2024","24320.05","24472.8","24212.1","24347.00"
"NIFTY 50","09 Aug 2024","24386.85","24419.75","24311.2","24367.50"
"NIFTY 50","08 Aug 2024","24248.55","24340.5","24079.7","24117.00"
"NIFTY 50","07 Aug 2024","24289.4","24337.7","24184.9","24297.50"
"NIFTY 50","06 Aug 2024","24189.85","24382.6","23960.4","23992.55"
"NIFTY 50","05 Aug 2024","24302.85","24350.05","23893.7","24055.60"
"NIFTY 50","02 Aug 2024","24789","24851.9","24686.85","24717.70"
"NIFTY 50","01 Aug 2024","25030.95","25078.3","24956.4","25010.90"
"NIFTY 50","31 Jul 2024","24886.7","24984.6","24856.5","24951.15"
"NIFTY 50","30 Jul 2024","24839.4","24971.75","24798.65","24857.30"
"NIFTY 50","29 Jul 2024","24943.3","24999.75","24774.6","24836.10"
"NIFTY 50","26 Jul 2024","24423.35","24861.15","24410.9","24834.85"
"NIFTY 50","25 Jul 2024","24230.95","24426.15","24210.8","24406.10"
"NIFTY 50","24 Jul 2024","24444.95","24504.25","24307.25","24413.50"
"NIFTY 50","23 Jul 2024","24568.9","24582.55","24074.2","24479.05"
"NIFTY 50","22 Jul 2024","24445.75","24595.2","24362.3","24509.25"
"NIFTY 50","19 Jul 2024","24853.8","24854.8","24508.15","24530.90"
"NIFTY 50","18 Jul 2024","24543.8","24837.75","24504.45","24800.85"
"NIFTY 50","16 Jul 2024","24615.9","24661.25","24587.65","24613.00"
"NIFTY 50","15 Jul 2024","24587.6","24635.05","24522.75","24586.70"
"NIFTY 50","12 Jul 2024","24387.95","24592.2","24331.15","24502.15"
"NIFTY 50","11 Jul 2024","24396.55","24402.65","24193.75","24315.95"
"NIFTY 50","10 Jul 2024","24459.85","24461.05","24141.8","24324.45"
"NIFTY 50","09 Jul 2024","24351","24443.6","24331.9","24433.20"
"NIFTY 50","08 Jul 2024","24329.45","24344.6","24240.55","24320.55"
"NIFTY 50","05 Jul 2024","24213.35","24363","24168.85","24323.85"
"NIFTY 50","04 Jul 2024","24369.95","24401","24281","24302.15"
"NIFTY 50","03 Jul 2024","24291.75","24309.15","24207.1","24286.50"
"NIFTY 50","02 Jul 2024","24228.75","24236.35","24056.4","24123.85"
"NIFTY 50","01 Jul 2024","23992.95","24164","23992.7","24141.95"
"NIFTY 50","28 Jun 2024","24085.9","24174","23985.8","24010.60"
"NIFTY 50","27 Jun 2024","23881.55","24087.45","23805.4","24044.50"
"NIFTY 50","26 Jun 2024","23723.1","23889.9","23670.45","23868.80"
"NIFTY 50","25 Jun 2024","23577.1","23754.15","23562.05","23721.30"
"NIFTY 50","24 Jun 2024","23382.3","23558.1","23350","23537.85"
"NIFTY 50","21 Jun 2024","23661.15","23667.1","23398.2","23501.10"
"NIFTY 50","20 Jun 2024","23586.15","23624","23442.6","23567.00"
"NIFTY 50","19 Jun 2024","23629.85","23664","23412.9","23516.00"
"NIFTY 50","18 Jun 2024","23570.8","23579.05","23499.7","23557.90"
"NIFTY 50","14 Jun 2024","23464.95","23490.4","23334.25","23465.60"
"NIFTY 50","13 Jun 2024","23480.95","23481.05","23353.9","23398.90"
"NIFTY 50","12 Jun 2024","23344.45","23441.95","23295.95","23322.95"
"NIFTY 50","11 Jun 2024","23283.75","23389.45","23206.65","23264.85"
"NIFTY 50","10 Jun 2024","23319.15","23411.9","23227.15","23259.20"
"NIFTY 50","07 Jun 2024","22821.85","23320.2","22789.05","23290.15"
"NIFTY 50","06 Jun 2024","22798.6","22910.15","22642.6","22821.40"
"NIFTY 50","05 Jun 2024","22128.35","22670.4","21791.95","22620.35"
"NIFTY 50","04 Jun 2024","23179.5","23179.5","21281.45","21884.50"
"NIFTY 50","03 Jun 2024","23337.9","23338.7","23062.3","23263.90"
"NIFTY 50","31 May 2024","22568.1","22653.75","22465.1","22530.70"
"NIFTY 50","30 May 2024","22617.45","22705.75","22417","22488.65"
"NIFTY 50","29 May 2024","22762.75","22825.5","22685.45","22704.70"
"NIFTY 50","28 May 2024","22977.15","22998.55","22858.5","22888.15"
"NIFTY 50","27 May 2024","23038.95","23110.8","22871.2","22932.45"
"NIFTY 50","24 May 2024","22930.75","23026.4","22908","22957.10"
"NIFTY 50","23 May 2024","22614.1","22993.6","22577.45","22967.65"
"NIFTY 50","22 May 2024","22576.6","22629.5","22483.15","22597.80"
"NIFTY 50","21 May 2024","22404.55","22591.1","22404.55","22529.05"
"NIFTY 50","18 May 2024","22512.85","22520.25","22470.05","22502.00"
"NIFTY 50","17 May 2024","22415.25","22502.15","22345.65","22466.10"
"NIFTY 50","16 May 2024","22319.2","22432.25","22054.55","22403.85"
"NIFTY 50","15 May 2024","22255.6","22297.55","22151.75","22200.55"
"NIFTY 50","14 May 2024","22112.9","22270.05","22081.25","22217.85"
"NIFTY 50","13 May 2024","22027.95","22131.65","21821.05","22104.05"
"NIFTY 50","10 May 2024","21990.95","22131.3","21950.3","22055.20"
"NIFTY 50","09 May 2024","22224.8","22307.75","21932.4","21957.50"
"NIFTY 50","08 May 2024","22231.2","22368.65","22185.2","22302.50"
"NIFTY 50","07 May 2024","22489.75","22499.05","22232.05","22302.50"
"NIFTY 50","06 May 2024","22561.6","22588.8","22409.45","22442.70"
"NIFTY 50","03 May 2024","22766.35","22794.7","22348.05","22475.85"
"NIFTY 50","02 May 2024","22567.85","22710.5","22567.85","22648.20"
"NIFTY 50","30 Apr 2024","22679.65","22783.35","22568.4","22604.85"
"NIFTY 50","29 Apr 2024","22475.55","22655.8","22441.9","22643.40"
"NIFTY 50","26 Apr 2024","22620.4","22620.4","22385.55","22419.95"
"NIFTY 50","25 Apr 2024","22316.9","22625.95","22305.25","22570.35"
"NIFTY 50","24 Apr 2024","22421.55","22476.45","22384","22402.40"
"NIFTY 50","23 Apr 2024","22447.05","22447.55","22349.45","22368.00"
"NIFTY 50","22 Apr 2024","22336.9","22375.65","22198.15","22336.40"
"NIFTY 50","19 Apr 2024","21861.5","22179.55","21777.65","22147.00"
"NIFTY 50","18 Apr 2024","22212.35","22326.5","21961.7","21995.85"
"NIFTY 50","16 Apr 2024","22125.3","22213.75","22079.45","22147.90"
"NIFTY 50","15 Apr 2024","22339.05","22427.45","22259.55","22272.50"
"NIFTY 50","12 Apr 2024","22677.4","22726.45","22503.75","22519.40"
"NIFTY 50","10 Apr 2024","22720.25","22775.70","22673.70","22753.80"
"NIFTY 50","09 Apr 2024","22765.10","22768.40","22612.25","22642.75"
"NIFTY 50","08 Apr 2024","22578.35","22697.30","22550.35","22666.30"
"NIFTY 50","05 Apr 2024","22486.40","22537.60","22427.60","22513.70"
"NIFTY 50","04 Apr 2024","22592.10","22619.00","22303.80","22514.65"
"NIFTY 50","03 Apr 2024","22385.70","22521.10","22346.50","22434.65"
"NIFTY 50","02 Apr 2024","22458.80","22497.60","22388.15","22453.30"
"NIFTY 50","01 Apr 2024","22455.00","22529.95","22427.75","22462.00"
"NIFTY 50","28 Mar 2024","22163.60","22516.00","22163.60","22326.90"
"NIFTY 50","27 Mar 2024","22053.95","22193.60","22052.85","22123.65"
"NIFTY 50","26 Mar 2024","21947.90","22073.20","21947.55","22004.70"
"NIFTY 50","22 Mar 2024","21932.20","22180.70","21883.30","22096.75"
"NIFTY 50","21 Mar 2024","21989.90","22080.95","21941.30","22011.95"
"NIFTY 50","20 Mar 2024","21843.90","21930.90","21710.20","21839.10"
"NIFTY 50","19 Mar 2024","21946.45","21978.30","21793.10","21817.45"
"NIFTY 50","18 Mar 2024","21990.10","22123.70","21916.55","22055.70"
"NIFTY 50","15 Mar 2024","22064.85","22120.90","21931.70","22023.35"
"NIFTY 50","14 Mar 2024","21982.55","22204.60","21917.50","22146.65"
"NIFTY 50","13 Mar 2024","22432.20","22446.75","21905.65","21997.70"
"NIFTY 50","12 Mar 2024","22334.45","22452.55","22256.00","22335.70"
"NIFTY 50","11 Mar 2024","22517.50","22526.60","22307.25","22332.65"
"NIFTY 50","07 Mar 2024","22505.30","22525.65","22430.00","22493.55"
"NIFTY 50","06 Mar 2024","22327.50","22497.20","22224.35","22474.05"
"NIFTY 50","05 Mar 2024","22371.25","22416.90","22269.15","22356.30"
"NIFTY 50","04 Mar 2024","22403.50","22440.90","22358.30","22405.60"
"NIFTY 50","02 Mar 2024","22406.95","22419.55","22367.05","22378.40"
"NIFTY 50","01 Mar 2024","22048.30","22353.30","22047.75","22338.75"
"NIFTY 50","29 Feb 2024","21935.20","22060.55","21860.65","21982.80"
"NIFTY 50","28 Feb 2024","22214.10","22229.15","21915.85","21951.15"
"NIFTY 50","27 Feb 2024","22090.20","22218.25","22085.65","22198.35"
"NIFTY 50","26 Feb 2024","22169.20","22202.15","22075.15","22122.05"
"NIFTY 50","23 Feb 2024","22290.00","22297.50","22186.10","22212.70"
"NIFTY 50","22 Feb 2024","22081.55","22252.50","21875.25","22217.45"
"NIFTY 50","21 Feb 2024","22248.85","22249.40","21997.95","22055.05"
"NIFTY 50","20 Feb 2024","22099.20","22215.60","22045.85","22196.95"
"NIFTY 50","19 Feb 2024","22103.45","22186.65","22021.05","22122.25"
"NIFTY 50","16 Feb 2024","22020.30","22068.65","21968.95","22040.70"
"NIFTY 50","15 Feb 2024","21906.55","21953.85","21794.80","21910.75"
"NIFTY 50","14 Feb 2024","21578.15","21870.85","21530.20","21840.05"
"NIFTY 50","13 Feb 2024","21664.30","21766.80","21543.35","21743.25"
"NIFTY 50","12 Feb 2024","21800.80","21831.70","21574.75","21616.05"
"NIFTY 50","09 Feb 2024","21727.00","21804.45","21629.90","21782.50"
"NIFTY 50","08 Feb 2024","22009.65","22011.05","21665.30","21717.95"
"NIFTY 50","07 Feb 2024","22045.05","22053.30","21860.15","21930.50"
"NIFTY 50","06 Feb 2024","21825.20","21951.40","21737.55","21929.40"
"NIFTY 50","05 Feb 2024","21921.05","21964.30","21726.95","21771.70"
"NIFTY 50","02 Feb 2024","21812.75","22126.80","21805.55","21853.80"
"NIFTY 50","01 Feb 2024","21780.65","21832.95","21658.75","21697.45"
"NIFTY 50","31 Jan 2024","21487.25","21741.35","21448.85","21725.70"
"NIFTY 50","30 Jan 2024","21775.75","21813.05","21501.80","21522.10"
"NIFTY 50","29 Jan 2024","21433.10","21763.25","21429.60","21737.60"
"NIFTY 50","25 Jan 2024","21454.60","21459.00","21247.05","21352.60"
"NIFTY 50","24 Jan 2024","21185.25","21482.35","21137.20","21453.95"
"NIFTY 50","23 Jan 2024","21716.70","21750.25","21192.60","21238.80"
"NIFTY 50","20 Jan 2024","21706.15","21720.30","21541.80","21571.80"
"NIFTY 50","19 Jan 2024","21615.20","21670.60","21575.00","21622.40"
"NIFTY 50","18 Jan 2024","21414.20","21539.40","21285.55","21462.25"
"NIFTY 50","17 Jan 2024","21647.25","21851.50","21550.45","21571.95"
"NIFTY 50","16 Jan 2024","22080.50","22124.15","21969.80","22032.30"
"NIFTY 50","15 Jan 2024","22053.15","22115.55","21963.55","22097.45"
"NIFTY 50","12 Jan 2024","21773.55","21928.25","21715.15","21894.55"
"NIFTY 50","11 Jan 2024","21688.00","21726.50","21593.75","21647.20"
"NIFTY 50","10 Jan 2024","21529.30","21641.85","21448.65","21618.70"
"NIFTY 50","09 Jan 2024","21653.60","21724.45","21517.85","21544.85"
"NIFTY 50","08 Jan 2024","21747.60","21763.95","21492.90","21513.00"
"NIFTY 50","05 Jan 2024","21705.75","21749.60","21629.20","21710.80"
"NIFTY 50","04 Jan 2024","21605.80","21685.65","21564.55","21658.60"
"NIFTY 50","03 Jan 2024","21661.10","21677.00","21500.35","21517.35"
"NIFTY 50","02 Jan 2024","21751.35","21755.60","21555.65","21665.80"
"NIFTY 50","01 Jan 2024","21727.75","21834.35","21680.85","21741.90"
"NIFTY 50","08 Aug 2025","24544.25","24585.5","24337.5","24363.30"
"NIFTY 50","07 Aug 2025","24464.2","24634.2","24344.15","24596.15"
"NIFTY 50","06 Aug 2025","24641.35","24671.4","24539.2","24574.20"
"NIFTY 50","05 Aug 2025","24720.25","24733.1","24590.3","24649.55"
"NIFTY 50","04 Aug 2025","24596.05","24736.25","24554","24722.75"
"NIFTY 50","01 Aug 2025","24734.9","24784.15","24535.05","24565.35"
"NIFTY 50","31 Jul 2025","24642.25","24956.5","24635","24768.35"
"NIFTY 50","30 Jul 2025","24890.4","24902.3","24771.95","24855.05"
"NIFTY 50","29 Jul 2025","24609.65","24847.15","24598.6","24821.10"
"NIFTY 50","28 Jul 2025","24782.45","24889.2","24646.6","24680.90"
"NIFTY 50","25 Jul 2025","25010.35","25010.35","24806.35","24837.00"
"NIFTY 50","24 Jul 2025","25243.3","25246.25","25018.7","25062.10"
"NIFTY 50","23 Jul 2025","25139.35","25233.5","25085.5","25219.90"
"NIFTY 50","22 Jul 2025","25166.65","25182","25035.55","25060.90"
"NIFTY 50","21 Jul 2025","24999","25111.4","24882.3","25090.70"
"NIFTY 50","18 Jul 2025","25108.55","25144.6","24918.65","24968.40"
"NIFTY 50","17 Jul 2025","25230.75","25238.35","25101","25111.45"
"NIFTY 50","16 Jul 2025","25196.6","25255.3","25121.05","25212.05"
"NIFTY 50","15 Jul 2025","25089.5","25245.2","25088.45","25195.80"
"NIFTY 50","14 Jul 2025","25149.5","25151.1","25001.95","25082.30"
"NIFTY 50","11 Jul 2025","25255.5","25322.45","25129","25149.85"
"NIFTY 50","10 Jul 2025","25511.65","25524.05","25340.45","25355.25"
"NIFTY 50","09 Jul 2025","25514.6","25548.7","25424.35","25476.10"
"NIFTY 50","08 Jul 2025","25427.85","25548.05","25424.15","25522.50"
"NIFTY 50","07 Jul 2025","25450.45","25489.8","25407.25","25461.30"
"NIFTY 50","04 Jul 2025","25428.85","25470.25","25331.65","25461.00"
"NIFTY 50","03 Jul 2025","25505.1","25587.5","25384.35","25405.30"
"NIFTY 50","02 Jul 2025","25588.3","25608.1","25378.75","25453.40"
"NIFTY 50","01 Jul 2025","25551.35","25593.4","25501.8","25541.80"
"NIFTY 50","30 Jun 2025","25661.65","25669.35","25473.3","25517.05"
"NIFTY 50","27 Jun 2025","25576.65","25654.2","25523.55","25637.80"
"NIFTY 50","26 Jun 2025","25268.95","25565.3","25259.9","25549.00"
"NIFTY 50","25 Jun 2025","25150.35","25266.8","25125.05","25244.75"
"NIFTY 50","24 Jun 2025","25179.9","25317.7","24999.7","25044.35"
"NIFTY 50","23 Jun 2025","24939.75","25057","24824.85","24971.90"
"NIFTY 50","20 Jun 2025","24787.65","25136.2","24783.65","25112.40"
"NIFTY 50","19 Jun 2025","24803.25","24863.1","24733.4","24793.25"
"NIFTY 50","18 Jun 2025","24788.35","24947.55","24750.45","24812.05"
"NIFTY 50","17 Jun 2025","24977.85","24982.05","24813.7","24853.40"
"NIFTY 50","16 Jun 2025","24732.35","24967.1","24703.6","24946.50"
"NIFTY 50","13 Jun 2025","24473","24754.35","24473","24718.60"
"NIFTY 50","12 Jun 2025","25164.45","25196.2","24825.9","24888.20"
"NIFTY 50","11 Jun 2025","25134.15","25222.4","25081.3","25141.40"
"NIFTY 50","10 Jun 2025","25196.05","25199.3","25055.45","25104.25"
"NIFTY 50","09 Jun 2025","25160.1","25160.1","25077.15","25103.20"
"NIFTY 50","06 Jun 2025","24748.7","25029.5","24671.45","25003.05"
"NIFTY 50","05 Jun 2025","24691.2","24899.85","24613.1","24750.90"
"NIFTY 50","04 Jun 2025","24560.45","24644.25","24530.45","24620.20"
"NIFTY 50","03 Jun 2025","24786.3","24845.1","24502.15","24542.50"
"NIFTY 50","02 Jun 2025","24669.7","24754.4","24526.15","24716.60"
"NIFTY 50","30 May 2025","24812.6","24863.95","24717.4","24750.70"
"NIFTY 50","29 May 2025","24825.1","24892.6","24677.3","24833.60"
"NIFTY 50","28 May 2025","24832.5","24864.25","24737.05","24752.45"
"NIFTY 50","27 May 2025","24956.65","25062.9","24704.1","24826.20"
"NIFTY 50","26 May 2025","24919.35","25079.2","24900.5","25001.15"
"NIFTY 50","23 May 2025","24639.5","24909.05","24614.05","24853.15"
"NIFTY 50","22 May 2025","24733.95","24737.5","24462.4","24609.70"
"NIFTY 50","21 May 2025","24744.25","24946.2","24685.35","24813.45"
"NIFTY 50","20 May 2025","24996.2","25010.35","24669.7","24683.90"
"NIFTY 50","19 May 2025","25005.35","25062.95","24916.65","24945.45"
"NIFTY 50","16 May 2025","25064.65","25070","24953.05","25019.80"
"NIFTY 50","15 May 2025","24694.45","25116.25","24494.45","25062.10"
"NIFTY 50","14 May 2025","24613.8","24767.55","24535.55","24666.90"
"NIFTY 50","13 May 2025","24864.05","24973.8","24547.5","24578.35"
"NIFTY 50","12 May 2025","24420.1","24944.8","24378.85","24924.70"
"NIFTY 50","09 May 2025","23935.75","24164.25","23935.75","24008.00"
"NIFTY 50","08 May 2025","24431.5","24447.25","24150.2","24273.80"
"NIFTY 50","07 May 2025","24233.3","24449.6","24220","24414.40"
"NIFTY 50","06 May 2025","24500.75","24509.65","24331.8","24379.60"
"NIFTY 50","05 May 2025","24419.5","24526.4","24400.65","24461.15"
"NIFTY 50","02 May 2025","24311.9","24589.15","24238.5","24346.70"
"NIFTY 50","30 Apr 2025","24342.05","24396.15","24198.75","24334.20"
"NIFTY 50","29 Apr 2025","24370.7","24457.65","24290.75","24335.95"
"NIFTY 50","28 Apr 2025","24070.25","24355.1","24054.05","24328.50"
"NIFTY 50","25 Apr 2025","24289","24365.45","23847.85","24039.35"
"NIFTY 50","24 Apr 2025","24277.9","24347.85","24216.15","24246.70"
"NIFTY 50","23 Apr 2025","24357.6","24359.3","24119.95","24328.95"
"NIFTY 50","22 Apr 2025","24185.4","24242.6","24072","24167.25"
"NIFTY 50","21 Apr 2025","23949.15","24189.55","23903.65","24125.55"
"NIFTY 50","17 Apr 2025","23401.85","23872.35","23298.55","23851.65"
"NIFTY 50","16 Apr 2025","23344.1","23452.2","23273.05","23437.20"
"NIFTY 50","15 Apr 2025","23368.35","23368.35","23207","23328.55"
"NIFTY 50","11 Apr 2025","22695.4","22923.9","22695.4","22828.55"
"NIFTY 50","09 Apr 2025","22460.3","22468.7","22353.25","22399.15"
"NIFTY 50","08 Apr 2025","22446.75","22697.2","22270.85","22535.85"
"NIFTY 50","07 Apr 2025","21758.4","22254","21743.65","22161.60"
"NIFTY 50","04 Apr 2025","23190.4","23214.7","22857.45","22904.45"
"NIFTY 50","03 Apr 2025","23150.3","23306.5","23145.8","23250.10"
"NIFTY 50","02 Apr 2025","23192.6","23350","23158.45","23332.35"
"NIFTY 50","01 Apr 2025","23341.1","23565.15","23136.4","23165.70"
"NIFTY 50","28 Mar 2025","23600.4","23649.2","23450.2","23519.35"
"NIFTY 50","27 Mar 2025","23433.95","23646.45","23412.2","23591.95"
"NIFTY 50","26 Mar 2025","23700.95","23736.5","23451.7","23486.85"
"NIFTY 50","25 Mar 2025","23751.5","23869.6","23601.4","23668.65"
"NIFTY 50","24 Mar 2025","23515.4","23708.75","23433.5","23658.35"
"NIFTY 50","21 Mar 2025","23168.25","23402.7","23132.8","23350.40"
"NIFTY 50","20 Mar 2025","23036.6","23216.7","22973.95","23190.65"
"NIFTY 50","19 Mar 2025","22874.95","22940.7","22807.95","22907.60"
"NIFTY 50","18 Mar 2025","22662.25","22857.8","22599.2","22834.30"
"NIFTY 50","17 Mar 2025","22353.15","22577","22353.15","22508.75"
"NIFTY 50","13 Mar 2025","22541.5","22558.05","22377.35","22397.20"
"NIFTY 50","12 Mar 2025","22536.35","22577.4","22329.55","22470.50"
"NIFTY 50","11 Mar 2025","22345.95","22522.1","22314.7","22497.90"
"NIFTY 50","10 Mar 2025","22521.85","22676.75","22429.05","22460.30"
"NIFTY 50","07 Mar 2025","22508.65","22633.8","22464.75","22552.50"
"NIFTY 50","06 Mar 2025","22476.35","22556.45","22245.85","22544.70"
"NIFTY 50","05 Mar 2025","22073.05","22394.9","22067.8","22337.30"
"NIFTY 50","04 Mar 2025","21974.45","22105.05","21964.6","22082.65"
"NIFTY 50","03 Mar 2025","22194.55","22261.55","22004.7","22119.30"
"NIFTY 50","28 Feb 2025","22433.4","22450.35","22104.85","22124.70"
"NIFTY 50","27 Feb 2025","22568.95","22613.3","22508.4","22545.05"
"NIFTY 50","25 Feb 2025","22516.45","22625.3","22513.9","22547.55"
"NIFTY 50","24 Feb 2025","22609.35","22668.05","22518.8","22553.35"
"NIFTY 50","21 Feb 2025","22857.2","22921","22720.3","22795.90"
"NIFTY 50","20 Feb 2025","22821.1","22923.85","22812.75","22913.15"
"NIFTY 50","19 Feb 2025","22847.25","23049.95","22814.85","22932.90"
"NIFTY 50","18 Feb 2025","22963.65","22992.5","22801.5","22945.30"
"NIFTY 50","17 Feb 2025","22809.9","22974.2","22725.45","22959.50"
"NIFTY 50","14 Feb 2025","23096.45","23133.7","22774.85","22929.25"
"NIFTY 50","13 Feb 2025","23055.75","23235.5","22992.2","23031.40"
"NIFTY 50","12 Feb 2025","23050.8","23144.7","22798.35","23045.25"
"NIFTY 50","11 Feb 2025","23383.55","23390.05","22986.65","23071.80"
"NIFTY 50","10 Feb 2025","23543.8","23568.6","23316.3","23381.60"
"NIFTY 50","07 Feb 2025","23649.5","23694.5","23443.2","23559.95"
"NIFTY 50","06 Feb 2025","23761.95","23773.55","23556.25","23603.35"
"NIFTY 50","05 Feb 2025","23801.75","23807.3","23680.45","23696.30"
"NIFTY 50","04 Feb 2025","23509.9","23762.75","23423.15","23739.25"
"NIFTY 50","03 Feb 2025","23319.35","23381.6","23222","23361.05"
"NIFTY 50","01 Feb 2025","23528.6","23632.45","23318.3","23482.15"
"NIFTY 50","31 Jan 2025","23296.75","23546.8","23277.4","23508.40"
"NIFTY 50","30 Jan 2025","23169.5","23322.05","23139.2","23249.50"
"NIFTY 50","29 Jan 2025","23026.75","23183.35","22976.5","23163.10"
"NIFTY 50","28 Jan 2025","22960.45","23137.95","22857.65","22957.25"
"NIFTY 50","27 Jan 2025","22940.15","23007.45","22786.9","22829.15"
"NIFTY 50","24 Jan 2025","23183.9","23347.3","23050","23092.20"
"NIFTY 50","23 Jan 2025","23128.3","23270.8","23090.65","23205.35"
"NIFTY 50","22 Jan 2025","23099.15","23169.55","22981.3","23155.35"
"NIFTY 50","21 Jan 2025","23421.65","23426.3","22976.85","23024.65"
"NIFTY 50","20 Jan 2025","23290.4","23391.1","23170.65","23344.75"
"NIFTY 50","17 Jan 2025","23277.1","23292.1","23100.35","23203.20"
"NIFTY 50","16 Jan 2025","23377.25","23391.65","23272.05","23311.80"
"NIFTY 50","15 Jan 2025","23250.45","23293.65","23146.45","23213.20"
"NIFTY 50","14 Jan 2025","23165.9","23264.95","23134.15","23176.05"
"NIFTY 50","13 Jan 2025","23195.4","23340.95","23047.25","23085.95"
"NIFTY 50","10 Jan 2025","23551.9","23596.6","23344.35","23431.50"
"NIFTY 50","09 Jan 2025","23674.75","23689.5","23503.05","23526.50"
"NIFTY 50","08 Jan 2025","23746.65","23751.85","23496.15","23688.95"
"NIFTY 50","07 Jan 2025","23679.9","23795.2","23637.8","23707.90"
"NIFTY 50","06 Jan 2025","24045.8","24089.95","23551.9","23616.05"
"NIFTY 50","03 Jan 2025","24196.4","24196.45","23976","24004.75"
"NIFTY 50","02 Jan 2025","23783","24226.7","23751.55","24188.65"
"NIFTY 50","01 Jan 2025","23637.65","23822.8","23562.8","23742.90"